# Name,    Type, SubType, Offset,   Size,     Flags
nvs,       data, nvs,     0x9000,   0x6000,
otadata,   data, ota,     0xf000,   0x2000,
factory,   app,  factory, 0x20000,  0x80000,
conways,   app,  ota_0, ,           0x100000,
fluid,     app,  ota_1, ,           0x100000,
miso,      app,  ota_2, ,           0x100000,
lumen,     app,  ota_3, ,           0x100000,
mech,      app,  ota_4, ,           0x100000,
dungeon,   app,  ota_5, 0x5a0000,   0x100000,
maze,      app,  ota_6, 0x6a0000,   0x100000,
